id;nom;adresse;email;telephone;numero_registre_commerce;piecejointe;code;activite;adressecomptable;adressedirigeant;autredenomination;autreformejuridique;bpcomptable;bpdeux;bptrois;bpun;bpsecondaire;centreimpot;comptable;dirigeant;enseigne;etssecondaire;insae;formejuridique;proprietairesiege;quartier;numeroenregistrement;serviceencharge;siege;sigle;telcomptable;teldeux;teldirigeant;telsecondaire;teltrois;telun;ville;typedge;type;utilisateur_login;fax
1;Nakfa Usability back-end;magenta quantifying convergence;Lauriane.Johnson75@gmail.com;39296;86855;3rd generation;e-business;Automotive;Representative seamless transmitter;Hong Kong Home;hybrid Reverse-engineered hack;mindshare Infrastructure;pixel Gorgeous Rubber Chips;Bedfordshire;Rhode Island Ergonomic Wooden Sausages;Turkmenistan Checking Account Hollow;invoice withdrawal Tasty Metal Shoes;extensible;compelling;orchestrate Integration Engineer;Ergonomic Kids;Developer;technologies;Handcrafted;deposit;Home Multi-channelled;Investor deposit Angola;Personal Loan Account;Shirt Delaware;open-source Self-enabling;harness Executive;Cotton static;SQL Avon mission-critical;Lek withdrawal;Customizable Berkshire benchmark;Thailand back up;Iran;best-of-breed Health;withdrawal;Awesome solutions;Berkshire
2;Ergonomic Steel Fish action-items;New Mexico Personal Loan Account;Madisen_Zulauf57@yahoo.com;23446;41259;open system;primary auxiliary Auto Loan Account;generate Fantastic Soft Bacon connecting;Awesome Granite Computer Knolls;Pants Ergonomic Soft Cheese Fresh;FTP Buckinghamshire repurpose;dynamic Ways;redundant;disintermediate;Data Licensed;Garden Principal;monitor Dynamic real-time;Yuan Renminbi;Plastic platforms deposit;extend hacking;Nepal;Garden Frozen Consultant;Fantastic generating;Square lavender;modular;pink copy;Integration;zero administration Cape Verde;Home Loan Account;Buckinghamshire national;invoice;compress Intelligent Steel Bacon;Kenyan Shilling Handmade Concrete Car web-enabled;exploit;reboot transparent Kids;generate withdrawal;Tennessee;facilitate;FTP Licensed;Keys Checking Account Ergonomic Cotton Hat;Burkina Faso
3;Steel knowledge user;back up port cross-platform;Jade.Beatty@gmail.com;49964;85463;copy Rubber;hack Health Technician;International Shoes;withdrawal Home Loan Account;copy;pixel;service-desk Oklahoma;Lebanese Pound;indexing Senior;deposit empower yellow;Fish Berkshire Applications;Portugal Burundi Franc;Technician customer loyalty strategy;Taka plug-and-play Minnesota;silver;Cuban Peso Peso Convertible;mindshare;1080p RAM Handcrafted;Rustic Metal Cheese Rapids generating;Ergonomic Cloned;Forward matrix attitude;compressing;infrastructures;Planner benchmark B2C;Intuitive Officer olive;application;Cheese;invoice;utilisation Beauty;communities;synthesize SAS;Steel Business-focused;Baby;Money Market Account;Niue TCP input;Small Money Market Account
4;Home Loan Account generate Plastic;discrete;Bettie41@yahoo.com;26847;85630;Director XSS;Towels heuristic Brand;success Buckinghamshire Refined Plastic Car;Licensed Steel Gloves Upgradable;Bike New Mexico;Connecticut Graphic Interface neural;Quality-focused Home Loan Account gold;Handcrafted Plastic Chair Analyst Savings Account;Garden navigating Terrace;Facilitator override;Ohio;hardware capacitor Pennsylvania;teal niches;Incredible Metal Bacon South Carolina Well;1080p;Incredible Concrete Chair;Kina HDD;Credit Card Account;matrix;Fresh innovative Investment Account;Lek;Sleek Rubber Computer;executive Soap Extensions;Senior Money Market Account;Fantastic Soft Shoes copy;AGP;Rubber client-server actuating;Somalia;white red;green;Checking Account;Applications Cambridgeshire;Future-proofed Tuna;Cambridgeshire;Mouse;Bulgarian Lev Borders Specialist
5;mobile B2C solid state;Global markets;Freddy.Glover83@hotmail.com;46774;66859;RAM;even-keeled Wyoming synthesizing;parsing Cape Home;Supervisor azure Gorgeous;orchestrate networks;global;Home Loan Account;back up XML Handcrafted;navigating Concrete firewall;logistical initiative;Car Credit Card Account;Granite Stravenue;definition New Mexico;Practical Metal Salad Synchronised;Security Mews;bypass;USB synthesizing Future-proofed;North Carolina compressing;Small Steel Chair grey;black Nevada;Executive challenge;Point;Fantastic;neural;HTTP;exploit;Row;Tennessee;Applications productivity Squares;Branding archive Tuna;Gorgeous Fresh Salad;National Developer;Shirt Incredible Persistent;Dynamic invoice China;Ireland;bus paradigms Designer
6;intuitive;migration;David_Lind@yahoo.com;56124;20271;Micronesia Falkland Islands (Malvinas);Estonia secured line;SDD XSS;optimize invoice Checking Account;COM bypassing driver;hack quantify Berkshire;Tugrik;Music;Baby Grocery XML;bandwidth-monitored Web;View Graphic Interface protocol;Arkansas Credit Card Account;deposit overriding Global;salmon Universal Handmade Frozen Soap;payment Agent Tactics;Colombian Peso Unidad de Valor Real Generic XSS;Montana Cotton;digital payment;sticky Legacy;Direct;Azerbaijanian Manat Rubber;Consultant Awesome;Up-sized monitor Internal;markets;Unbranded Steel Chair;Mountain Paraguay;Buckinghamshire Shoes;Ouguiya Steel;Roads Organized integrated;SQL;Automated ROI;Iraqi Dinar Computers;invoice;SMTP Rustic Steel Cheese;indigo Cuba grey;Mississippi Concrete
7;Savings Account Borders;Sleek Concrete Chicken gold;Janae.Robel@yahoo.com;52280;18998;convergence;Soap Awesome Wooden Towels Synergistic;deposit Clothing;Iraq Cambridgeshire;Tennessee;Global Ameliorated Metal;Wyoming disintermediate;hack Road Investment Account;Avon transparent;Timor-Leste Landing Pre-emptive;indexing asymmetric;analyzing;Auto Loan Account;orchestration Streets;Designer;Jewelery Savings Account matrix;Plastic;Usability Checking Account;online e-enable Clothing;back-end;solid state quantify;Director firewall Norway;Steel Concrete;content Awesome Hat;olive Incredible Sleek;vertical Versatile USB;payment;Ergonomic Pizza;Marshall Islands;bottom-line;Sports;Forward capacitor Granite;multi-tasking;Grove Texas;Plastic New York;Indiana Decentralized
8;sky blue withdrawal matrix;bi-directional;Fabian17@yahoo.com;35680;44557;Jordanian Dinar;Motorway;flexibility Auto Loan Account;sensor Triple-buffered;Incredible Chief Views;Baby calculating;Buckinghamshire;Shoes Internal;Iraq Bedfordshire Rustic;Massachusetts;Falls Sleek;North Dakota Canada;orchid;Practical virtual;Auto Loan Account;Lithuania Principal;Corporate;generate;solutions coherent;Electronics firewall Versatile;parse Personal Loan Account;hacking Buckinghamshire;Refined;Specialist syndicate virtual;Identity;frame;wireless CSS;withdrawal Rubber;open-source;Graphic Interface;Auto Loan Account;Iowa revolutionary;Indian Rupee Ngultrum Home Loan Account Paradigm;Chair;programming markets card;Team-oriented Profit-focused
9;Facilitator Forward;Handmade;Sophie79@yahoo.com;81161;1078;Bedfordshire index;Towels;Home Loan Account eco-centric;human-resource;Home Loan Account;European Unit of Account 17(E.U.A.-17) TCP;Cambridgeshire;Shoal;Generic Granite Towels Intuitive;Cross-group Avon;function;radical Forint;24 hour neural Division;El Salvador Colon US Dollar Configuration;Mozambique lavender;Plastic Awesome Cotton Bacon Associate;XML;Investor;Business-focused;fuchsia benchmark Buckinghamshire;Dynamic Planner Savings Account;Incredible Grocery bleeding-edge;Industrial grey action-items;Guinea-Bissau database;incubate Practical Manors;Arkansas payment;Generic Cotton Hat;Table Specialist deposit;port strategic;withdrawal focus group gold;payment Rue;enable Coordinator;Brooks Human;architect;out-of-the-box Slovenia;markets payment connecting
10;Developer;EXE;Derek61@gmail.com;49476;24103;Zloty Chad;asynchronous Fantastic Granite Chips;Car;input 5th generation;Music pixel;Forward Refined middleware;Gorgeous Concrete Hat Drive;Namibia Fork Savings Account;Global Adaptive;copying e-business;Enhanced Usability;Regional Automotive;full-range Games;attitude-oriented ability;haptic orange Factors;solution-oriented Buckinghamshire;real-time optical;turquoise;Fantastic deposit;Officer Lilangeni mobile;withdrawal;Lodge;Borders;Park Cambridgeshire calculating;Chips repurpose;ivory;Auto Loan Account;Fish;payment;Towels Uganda Shilling architect;array neural PNG;ADP Bedfordshire Incredible;Soft Chief;overriding Dong Kuwait;Solutions;Flats
