id;nom;prenom;fonction;telephone;email;gestion;statut;type_membre;arrete;fichier_arrete;photo;photo_content_type;type;origine;etape_pi;flag_president;actif;position;reconduit;autorite_id;membre;date_arrete
1;Metal Tonga;Shoes;transparent;110-359-7281;Teagan.Mitchell@gmail.com;Computers program;reinvent;generating front-end;Mississippi Home Loan Account;payment quantify content-based;../fake-data/blob/hipster.png;image/png;Bahamian Dollar;Indiana Towels Home Loan Account;27734;98005;6404;47916;23307;14724;66673;2021-01-12
2;tangible;Diverse Profound Configuration;copy;230.154.1207 x86936;Landen65@hotmail.com;input Licensed;Director;knowledge base Platinum;quantifying convergence bluetooth;generate;../fake-data/blob/hipster.png;image/png;indigo purple Electronics;Security Pennsylvania;78269;51315;52269;79681;72633;48396;13495;2021-01-12
3;Generic Sleek;South Dakota web-readiness invoice;installation Focused Savings Account;007.457.4314 x87188;Terrance93@yahoo.com;Hungary Frozen;navigate quantify;interface alliance;virtual;Flat digital Generic;../fake-data/blob/hipster.png;image/png;bypass;generate firewall matrix;40824;30300;40828;15196;42023;76957;55202;2021-01-13
4;leading-edge bandwidth compressing;Identity;analyzing Implemented Towels;1-928-052-6791 x97425;Jeffery.Borer32@yahoo.com;magenta;Wooden Myanmar integrate;array initiative Vermont;indexing;Corner hack plum;../fake-data/blob/hipster.png;image/png;protocol Associate;system;17967;29763;95408;94563;90297;6526;31992;2021-01-12
5;Louisiana Oval Cotton;Optimized payment;Oklahoma Ball Ergonomic;939-141-3979;Joannie67@hotmail.com;Electronics withdrawal Soft;impactful;Unbranded;PNG SAS;engineer array;../fake-data/blob/hipster.png;image/png;calculate Personal Loan Account;XML;74272;62161;40847;9537;17683;62494;95329;2021-01-12
6;IB violet;copying;Uganda Senegal;488-393-0763;Juston_Lebsack@yahoo.com;morph zero administration;Cambridgeshire New Leu;Forest Unbranded Fresh Mouse;benchmark;pink Armenian Dram Tasty Granite Salad;../fake-data/blob/hipster.png;image/png;Principal;clicks-and-mortar Borders;65611;24211;39094;70685;14201;76195;45152;2021-01-13
7;superstructure Personal Loan Account gold;optical Sharable Grocery;Chair holistic Licensed Frozen Pizza;044.258.9879 x54812;Cleo.Feeney44@yahoo.com;impactful e-business;payment Licensed Metal Ball Arizona;Credit Card Account;Iceland synthesize leverage;Incredible;../fake-data/blob/hipster.png;image/png;invoice;Shirt mint green;74990;92289;12210;47851;28676;30840;34008;2021-01-12
8;Tactics Profound;models Savings Account;Personal Loan Account;(702) 467-0516;Ezra_Kub@hotmail.com;Buckinghamshire;Maine;bypass Dynamic Phased;Shoes;Kroon;../fake-data/blob/hipster.png;image/png;Quality;channels;18929;91859;47466;13131;35433;3822;39228;2021-01-12
9;Steel;Organic lavender transmitter;Progressive mobile International;1-638-598-8941 x839;Loyal14@yahoo.com;Sports calculating back-end;Tools 1080p;back up;Mission exuding;mobile help-desk Home Loan Account;../fake-data/blob/hipster.png;image/png;Bedfordshire optical Pre-emptive;connecting partnerships;62666;72408;38778;91942;58320;97894;61829;2021-01-12
10;Function-based Ball El Salvador;circuit Practical Fresh Shoes Branch;IB;505.456.9006 x2557;Crystel_Harvey1@gmail.com;heuristic;Dynamic Accounts;payment ubiquitous;De-engineered sensor;cross-media user-centric;../fake-data/blob/hipster.png;image/png;channels Rustic Plastic Pizza Buckinghamshire;Savings Account Self-enabling Home Loan Account;9076;98787;14205;58367;44942;55668;7489;2021-01-12
