id;supplementaire;email;telephone;nom_representant;prenom_representant;nom_structure;qualite;etape_pi
1;deposit input;Reid28@hotmail.com;236.453.5210;fuchsia SCSI;Adaptive Chips holistic;compressing;synthesize;41507
2;white;Destany41@yahoo.com;053.914.6887;Handcrafted;Metical Automotive RAM;back-end Visionary Washington;Officer dot-com Configuration;53176
3;Internal;Kaylin_Sauer@yahoo.com;832-173-3642;optimal encoding;toolset integrate;Burkina Faso;Operations;52363
4;Liechtenstein;Zetta.Runolfsson@hotmail.com;679-445-0106 x3011;evolve Handmade;sky blue;budgetary management expedite;Rubber Plastic;38994
5;Mexican Peso Mexican Unidad de Inversion (UDI) Incredible XML;Magdalena_Kshlerin@gmail.com;681.641.3468 x06300;red neural-net;copying;Supervisor Money Market Account;interactive JSON fuchsia;10197
6;sticky Chief Engineer;Vergie_Mertz40@yahoo.com;618.188.9035 x95806;Mouse instruction set;Hat Bedfordshire;engage Borders Intelligent Cotton Towels;Som Outdoors;92427
7;redundant back-end Crescent;Perry_Hauck22@gmail.com;1-217-520-7964;transmitting;magnetic haptic;experiences;auxiliary;57076
8;Wooden;Iva_Brekke@yahoo.com;292-817-1111 x4355;program payment;Small Plastic Soap Avon exploit;sky blue synergy systemic;Cheese Tugrik visionary;97069
9;PCI Kuwait;Christine.Pouros56@yahoo.com;616-563-9928 x5957;SCSI;Generic Fresh Hat Tasty rich;paradigms invoice;bus indigo;69396
10;primary New Mexico;Mike.Brekke65@gmail.com;(849) 167-2853 x10131;framework user-centric;solid state payment;back up;Gorgeous;72785
