id;representant;qualite;presence;date_convocation;etape
1;enterprise compressing content;Chips holistic orchid;Intelligent Soft Car matrix;2021-01-13;16453
2;firewall input Savings Account;Kentucky mesh;Trail;2021-01-12;95210
3;Practical Soft Table Wisconsin;Metal Configuration Handcrafted;turquoise;2021-01-13;14980
4;programming;Product Buckinghamshire;Fantastic Plastic Chair Pakistan Rupee e-tailers;2021-01-12;43386
5;fault-tolerant;Shoes;adapter Fall;2021-01-13;18158
6;Granite Principal;solid state;Oval;2021-01-13;93918
7;input;Assurance Nevada;Pants Buckinghamshire PNG;2021-01-13;67306
8;Zimbabwe synthesize;e-business navigating;Borders Cambridgeshire;2021-01-13;85389
9;Investment Account;asymmetric deposit;dedicated;2021-01-12;668
10;Awesome Baby ROI;ADP European Unit of Account 9(E.U.A.-9);Director Fork;2021-01-12;50585
